time,Speed,Altitude,Sats,Pressure,Status,Temperature,Voltage
"Thu, 02 Jan 2025 18:24:17",0.0,0.0,5.0,1018.8222538722904,GPS,9.26024261844816,4.003921568627451
"Thu, 02 Jan 2025 18:29:24",3.5294117647058822,48.06591897459373,7.0,1018.8818585206185,GPS,9.210803387502864,4.011764705882353
"Thu, 02 Jan 2025 18:34:39",0.0,45.01411459525444,8.0,1018.9414631689466,GPS,9.099107347219046,4.003921568627451
"Thu, 02 Jan 2025 18:39:57",0.0,50.35477225909819,6.0,1019.024909676606,GPS,9.320668345159078,4.003921568627451
"Thu, 02 Jan 2025 18:45:09",3.5294117647058822,55.69542992294193,6.0,1019.084514324934,GPS,9.179674982833603,4.011764705882353
"Thu, 02 Jan 2025 18:50:20",0.0,57.22133211261158,6.0,1019.1441189732622,GPS,9.359121080338753,4.003921568627451
"Thu, 02 Jan 2025 18:55:30",3.5294117647058822,0.0,6.0,1019.2514073402527,GPS,9.139391165026325,4.003921568627451
"Thu, 02 Jan 2025 19:00:45",2.3529411764705883,269.32173647669185,6.0,1019.3348538479121,GPS,9.089951934081029,4.003921568627451
"Thu, 02 Jan 2025 19:06:18",,,,1019.4421422149027,No GPS,9.240100709544521,4.003921568627451
"Thu, 02 Jan 2025 19:11:49",1.1764705882352942,115.96856641489279,6.0,1019.4659840742339,GPS,9.289539940489817,3.996078431372549
"Thu, 02 Jan 2025 19:17:15",0.0,70.95445181963835,6.0,1019.5494305818933,GPS,9.219958800640882,3.996078431372549
"Thu, 02 Jan 2025 19:22:36",1.1764705882352942,64.08789196612497,6.0,1019.5613515115589,GPS,9.170519569695585,4.003921568627451
"Thu, 02 Jan 2025 19:27:46",0.0,45.01411459525444,8.0,1019.5971143005557,GPS,9.040512703135732,4.003921568627451
"Thu, 02 Jan 2025 19:32:58",1.1764705882352942,47.3029678797589,6.0,1019.6447980192182,GPS,9.06981002517739,4.003921568627451
"Thu, 02 Jan 2025 19:38:06",1.1764705882352942,0.0,7.0,1019.620956159887,GPS,8.989242389562833,4.003921568627451
"Thu, 02 Jan 2025 19:43:17",0.0,292.21026932173646,6.0,1019.6686398785495,GPS,8.969100480659193,4.003921568627451
"Thu, 02 Jan 2025 19:48:50",,,,1019.7282445268776,No GPS,9.269398031586178,3.996078431372549
"Thu, 02 Jan 2025 19:54:13",0.0,102.99839780270084,10.0,1019.7282445268776,GPS,9.139391165026325,3.996078431372549
"Thu, 02 Jan 2025 19:59:23",1.1764705882352942,102.99839780270084,6.0,1019.7878491752057,GPS,8.959945067521176,3.996078431372549
"Thu, 02 Jan 2025 20:04:42",1.1764705882352942,0.0,6.0,1019.7878491752057,GPS,9.040512703135732,3.996078431372549
"Thu, 02 Jan 2025 20:09:58",1.1764705882352942,0.0,6.0,1019.8593747531994,GPS,9.040512703135732,3.988235294117647
"Thu, 02 Jan 2025 20:15:18",1.1764705882352942,0.0,8.0,1019.9070584718619,GPS,8.989242389562833,3.996078431372549
"Thu, 02 Jan 2025 20:20:49",0.0,0.0,7.0,1020.0501096278493,GPS,9.099107347219046,3.996078431372549
"Thu, 02 Jan 2025 20:25:58",1.1764705882352942,0.0,7.0,1020.1335561355087,GPS,8.800640878919666,4.003921568627451
"Thu, 02 Jan 2025 20:31:21",0.0,12.207217517357137,7.0,1020.1812398541712,GPS,8.919661249713897,3.988235294117647
"Thu, 02 Jan 2025 20:36:52",1.1764705882352942,0.0,6.0,1020.3004491508274,GPS,9.000228885328454,3.988235294117647
"Thu, 02 Jan 2025 20:42:25",,,,1020.3481328694899,No GPS,9.089951934081029,3.988235294117647
"Thu, 02 Jan 2025 20:47:40",1.1764705882352942,51.880674448767834,6.0,1020.2885282211618,GPS,8.969100480659193,3.996078431372549
"Fri, 03 Jan 2025 10:27:45",,,,1021.6832769920394,No GPS,16.410620279240106,4.1607843137254905
"Fri, 03 Jan 2025 12:56:04",0.0,100.70954451819638,5.0,1020.7772863374522,GPS,16.939803158617536,4.152941176470588
"Fri, 03 Jan 2025 13:01:21",1.1764705882352942,57.22133211261158,5.0,1020.7296026187897,GPS,14.610666056305789,4.1607843137254905
"Fri, 03 Jan 2025 13:06:36",1.1764705882352942,79.3469138628214,5.0,1020.7057607594585,GPS,14.440375371938657,4.1607843137254905
"Fri, 03 Jan 2025 13:11:52",2.3529411764705883,74.76920729381246,3.0,1020.6223142517991,GPS,14.37994964522774,4.152941176470588
"Fri, 03 Jan 2025 13:16:58",2.3529411764705883,41.96231021591516,5.0,1021.0872305087584,GPS,7.700160219729909,4.1686274509803924
"Fri, 03 Jan 2025 13:22:03",5.882352941176471,0.0,5.0,1016.5453563061568,GPS,8.079194323643861,4.176470588235294
"Fri, 03 Jan 2025 13:27:16",21.176470588235293,292.21026932173646,5.0,988.173543701979,GPS,7.1197070267795795,4.1607843137254905
"Fri, 03 Jan 2025 13:32:21",5.882352941176471,296.02502479591055,4.0,967.6933865364424,GPS,8.040741588464186,4.1686274509803924
"Fri, 03 Jan 2025 13:37:28",36.470588235294116,650.0343327992675,5.0,942.7786435352947,GPS,6.429388876173036,4.1607843137254905
"Fri, 03 Jan 2025 13:42:33",40.0,656.1379415579461,5.0,920.0573515926212,GPS,4.270542458228434,4.1686274509803924
"Fri, 03 Jan 2025 13:47:40",18.823529411764707,1052.872510872053,5.0,891.1610180831561,GPS,3.5692378118562544,4.1607843137254905
"Fri, 03 Jan 2025 13:52:45",21.176470588235293,1116.960402838178,5.0,870.823912073607,GPS,2.260013733119706,4.184313725490196
"Fri, 03 Jan 2025 13:57:50",35.294117647058826,1297.7798123140306,5.0,843.7991645216443,GPS,1.5806820782787838,4.1686274509803924
"Fri, 03 Jan 2025 14:02:55",9.411764705882353,1400.7782101167315,4.0,815.6300077217821,GPS,0.2092011902037143,4.1607843137254905
"Fri, 03 Jan 2025 14:08:01",20.0,2014.9538414587623,5.0,796.1512086481575,GPS,-0.7100022888532891,4.1686274509803924
"Fri, 03 Jan 2025 14:13:06",21.176470588235293,2040.1312275883115,5.0,768.2919960196016,GPS,-0.9297322041657168,4.1607843137254905
"Fri, 03 Jan 2025 14:18:12",12.941176470588236,2279.6978713664453,4.0,745.6422296549218,GPS,-0.7795834287022245,4.1607843137254905
"Fri, 03 Jan 2025 14:23:18",50.58823529411765,2720.683604180972,5.0,720.8943796690928,GPS,-1.2593270771343583,4.1686274509803924
"Fri, 03 Jan 2025 14:28:23",51.76470588235294,3028.9158464942398,5.0,694.5968088267331,GPS,-1.2391851682307191,4.152941176470588
"Fri, 03 Jan 2025 14:33:30",23.529411764705884,3041.8860151064314,4.0,674.5458051291588,GPS,-3.949187457083994,4.145098039215686
"Fri, 03 Jan 2025 14:38:45",54.11764705882353,3663.6911573968105,5.0,641.9182206343544,GPS,-0.8601510643167813,4.145098039215686
"Fri, 03 Jan 2025 14:41:55",54.11764705882353,3663.6911573968105,5.0,641.9182206343544,GPS,-0.8601510643167813,4.145098039215686
"Fri, 03 Jan 2025 14:44:06",54.11764705882353,3775.8449683375293,4.0,625.9203330230911,GPS,-5.3298237582970955,4.145098039215686
"Fri, 03 Jan 2025 14:44:07",54.11764705882353,3775.8449683375293,4.0,625.9203330230911,GPS,-5.3298237582970955,4.145098039215686
"Fri, 03 Jan 2025 14:49:26",61.1764705882353,4189.364461738002,5.0,598.2637761988506,GPS,-5.820553902494851,4.145098039215686
"Fri, 03 Jan 2025 14:54:32",14.117647058823529,4209.2011902037075,4.0,575.9477958648083,GPS,-8.270542458228427,4.145098039215686
"Fri, 03 Jan 2025 14:59:39",76.47058823529412,4718.852521553368,5.0,558.5790013419986,GPS,-8.270542458228427,4.152941176470588
"Fri, 03 Jan 2025 15:04:45",74.11764705882354,5011.825741969939,5.0,537.0855651548841,GPS,-10.310368505378804,4.152941176470588
"Fri, 03 Jan 2025 15:09:58",75.29411764705883,5269.703212024109,5.0,519.7286915617401,GPS,-10.839551384756234,4.12156862745098
"Fri, 03 Jan 2025 15:15:12",32.94117647058824,5295.6435492484925,4.0,507.6408688808005,GPS,-10.980544747081709,4.137254901960784
"Fri, 03 Jan 2025 15:20:29",70.58823529411765,5542.839703974975,4.0,499.45119020051897,GPS,-10.160219729915312,4.129411764705882
"Fri, 03 Jan 2025 15:25:54",70.58823529411765,5687.037460898756,5.0,490.21246970966274,GPS,-9.940489814602884,4.137254901960784
"Fri, 03 Jan 2025 15:31:23",72.94117647058823,5713.740749217975,5.0,489.3303209144068,GPS,-9.389333943694211,4.113725490196078
"Fri, 03 Jan 2025 15:36:41",78.82352941176471,5783.932249942778,4.0,484.50234439983035,GPS,-12.630350194552527,4.12156862745098
"Fri, 03 Jan 2025 15:41:57",71.76470588235294,5805.294880598153,4.0,482.95262354329964,GPS,-11.050125886930651,4.113725490196078
"Fri, 03 Jan 2025 15:47:10",71.76470588235294,5763.332570382238,4.0,485.7302001553893,GPS,-14.399176012817577,4.12156862745098
"Fri, 03 Jan 2025 15:52:27",71.76470588235294,5751.888303959716,3.0,485.5037024917425,GPS,-15.360494392309455,4.105882352941176
"Fri, 03 Jan 2025 15:58:01",,,,488.7104325717945,No GPS,-22.17944609750515,4.066666666666666
"Fri, 03 Jan 2025 16:03:35",,,,495.82722758217017,No GPS,-24.499427786678872,4.011764705882353
"Fri, 03 Jan 2025 16:09:09",,,,495.4338369032047,No GPS,-26.22064545662623,3.988235294117647
"Fri, 03 Jan 2025 16:16:18",,,,499.5346367081783,No GPS,-26.630807965209428,3.9568627450980394
"Fri, 03 Jan 2025 16:21:54",,,,500.4406273627655,No GPS,-27.42000457770657,3.9647058823529413
"Fri, 03 Jan 2025 16:27:28",,,,501.6565621886588,No GPS,-27.98947127489128,3.9647058823529413
"Fri, 03 Jan 2025 16:34:37",,,,500.81017618239974,No GPS,-27.139848935683226,3.9333333333333336
"Fri, 03 Jan 2025 16:40:12",,,,499.95186924647504,No GPS,-28.0004577706569,3.9411764705882355
"Fri, 03 Jan 2025 16:40:13",,,,499.95186924647504,No GPS,-28.0004577706569,3.9411764705882355
"Fri, 03 Jan 2025 16:45:46",,,,500.2260506287843,No GPS,-28.17990386816205,3.9333333333333336
"Fri, 03 Jan 2025 16:45:47",,,,500.2260506287843,No GPS,-28.17990386816205,3.9333333333333336
"Fri, 03 Jan 2025 16:52:55",,,,500.1068413321281,No GPS,-27.65072098878462,3.9098039215686273
"Fri, 03 Jan 2025 16:58:30",,,,499.6538460048345,No GPS,-28.309910734721903,3.9333333333333336
"Fri, 03 Jan 2025 17:04:04",,,,498.30678095261936,No GPS,-28.650492103456166,3.9019607843137254
"Fri, 03 Jan 2025 17:11:14",,,,502.2049249532774,No GPS,-27.220416571297783,3.9019607843137254
"Fri, 03 Jan 2025 17:16:48",,,,500.69096688574353,No GPS,-27.59945067521172,3.9333333333333336
"Fri, 03 Jan 2025 17:22:23",,,,500.5002320110936,No GPS,-27.639734493019,3.9333333333333336
"Fri, 03 Jan 2025 17:29:32",,,,500.3810227144374,No GPS,-27.180132753490504,3.9098039215686273
"Fri, 03 Jan 2025 17:31:19",,,,500.3810227144374,No GPS,-27.180132753490504,3.9098039215686273
"Fri, 03 Jan 2025 17:35:07",,,,499.96379017614066,No GPS,-27.930876630807965,3.9254901960784316
"Fri, 03 Jan 2025 17:40:41",,,,497.90146934398825,No GPS,-28.50949874113069,3.9254901960784316
"Fri, 03 Jan 2025 17:47:50",,,,500.3214180661093,No GPS,-27.839322499427787,3.9098039215686273
"Fri, 03 Jan 2025 17:53:25",,,,500.7982552527341,No GPS,-28.240329594872968,3.9254901960784316
"Fri, 03 Jan 2025 17:58:59",,,,500.4406273627655,No GPS,-28.450904097047378,3.9176470588235293
"Fri, 03 Jan 2025 18:06:10",,,,497.6511298210102,No GPS,-27.67086289768826,3.8941176470588235
"Fri, 03 Jan 2025 18:11:44",,,,498.1637297966319,No GPS,-28.320897230487525,3.9098039215686273
"Fri, 03 Jan 2025 18:17:19",,,,501.33469708768706,No GPS,-28.15976195925841,3.9254901960784316
"Fri, 03 Jan 2025 18:24:28",,,,497.84186469566015,No GPS,-27.769741359578852,3.9019607843137254
"Fri, 03 Jan 2025 18:30:02",,,,499.55847856750955,No GPS,-28.4106202792401,3.9098039215686273
"Fri, 03 Jan 2025 18:35:37",,,,499.010115802891,No GPS,-28.76035706111238,3.9019607843137254
"Fri, 03 Jan 2025 18:42:46",,,,500.47639015176236,No GPS,-27.769741359578852,3.8784313725490196
"Fri, 03 Jan 2025 18:48:21",,,,498.8909065062348,No GPS,-28.659647516594184,3.9019607843137254
"Fri, 03 Jan 2025 18:53:56",,,,497.8180228363289,No GPS,-29.020370794232093,3.9019607843137254
"Fri, 03 Jan 2025 19:01:05",,,,499.0577995215535,No GPS,-28.309910734721903,3.8784313725490196
"Fri, 03 Jan 2025 19:06:40",,,,498.914748365566,No GPS,-28.829938200961315,3.8784313725490196
"Fri, 03 Jan 2025 19:12:14",,,,494.67089740460494,No GPS,-28.91966124971389,3.8941176470588235
"Fri, 03 Jan 2025 19:19:23",,,,498.17565072629753,No GPS,-27.899748226138705,3.8784313725490196
"Fri, 03 Jan 2025 19:24:58",,,,500.13068319145935,No GPS,-28.110322728313115,3.8941176470588235
"Fri, 03 Jan 2025 19:30:32",,,,498.86706464690354,No GPS,-28.320897230487525,3.8941176470588235
"Fri, 03 Jan 2025 19:37:41",,,,500.59559944841857,No GPS,-27.240558480201422,3.8862745098039215
"Fri, 03 Jan 2025 19:43:16",,,,499.21277160720655,No GPS,-28.300755321583885,3.8862745098039215
"Fri, 03 Jan 2025 19:48:51",,,,498.6763297722536,No GPS,-28.469214923323413,3.8941176470588235
"Fri, 03 Jan 2025 19:56:00",,,,496.63785079943244,No GPS,-27.689173723964295,3.8705882352941177
"Fri, 03 Jan 2025 20:01:35",,,,498.2829390932881,No GPS,-28.17990386816205,3.8862745098039215
"Fri, 03 Jan 2025 20:07:09",,,,500.392943644103,No GPS,-28.35019455252918,3.8862745098039215
"Fri, 03 Jan 2025 20:14:18",,,,499.3439018335284,No GPS,-27.509727626459146,3.8627450980392157
"Fri, 03 Jan 2025 20:19:53",,,,499.37966462252524,No GPS,-28.469214923323413,3.8784313725490196
"Fri, 03 Jan 2025 20:25:27",,,,499.66576693450014,No GPS,-28.300755321583885,3.8862745098039215
"Fri, 03 Jan 2025 20:32:38",,,,499.4631111301846,No GPS,-27.729457541771573,3.8627450980392157
"Fri, 03 Jan 2025 20:38:12",,,,500.3214180661093,No GPS,-28.17990386816205,3.8784313725490196
"Fri, 03 Jan 2025 20:43:47",,,,499.6300041455033,No GPS,-28.650492103456166,3.8784313725490196
"Fri, 03 Jan 2025 20:50:56",,,,499.84458087948445,No GPS,-27.800869764248112,3.8705882352941177
"Fri, 03 Jan 2025 20:56:31",,,,500.13068319145935,No GPS,-28.639505607690545,3.8862745098039215
"Fri, 03 Jan 2025 21:02:05",,,,500.4406273627655,No GPS,-28.599221789883266,3.8705882352941177
"Fri, 03 Jan 2025 21:09:14",,,,501.84729706330876,No GPS,-27.769741359578852,3.8705882352941177
"Fri, 03 Jan 2025 21:14:49",,,,499.09356231055034,No GPS,-28.58091096360723,3.8862745098039215
"Fri, 03 Jan 2025 21:20:23",,,,498.98627394355975,No GPS,-29.130235751888307,3.8784313725490196
"Fri, 03 Jan 2025 21:27:33",,,,500.834018041731,No GPS,-27.940032043945983,3.8705882352941177
"Fri, 03 Jan 2025 21:33:07",,,,498.22333444496,No GPS,-28.95078965438315,3.8784313725490196
"Fri, 03 Jan 2025 21:38:42",,,,500.70288781540916,No GPS,-28.95078965438315,3.8705882352941177
"Fri, 03 Jan 2025 21:45:51",,,,499.67768786416576,No GPS,-28.4106202792401,3.854901960784314
"Fri, 03 Jan 2025 21:51:25",,,,500.01147389480315,No GPS,-29.020370794232093,3.8705882352941177
"Fri, 03 Jan 2025 21:57:00",,,,501.5135110326714,No GPS,-28.630350194552527,3.8784313725490196
"Fri, 03 Jan 2025 22:04:10",,,,500.1545250507906,No GPS,-28.06088349736782,3.8627450980392157
"Fri, 03 Jan 2025 22:09:45",,,,499.7492134421595,No GPS,-28.91966124971389,3.8705882352941177
"Fri, 03 Jan 2025 22:15:19",,,,500.6552040967467,No GPS,-28.839093614099333,3.8627450980392157
"Fri, 03 Jan 2025 22:22:30",,,,497.56768331335087,No GPS,-28.489356832227053,3.847058823529412
"Fri, 03 Jan 2025 22:28:04",,,,500.7148087450748,No GPS,-29.009384298466472,3.8627450980392157
"Fri, 03 Jan 2025 22:33:39",,,,500.41678550343426,No GPS,-28.489356832227053,3.8705882352941177
"Fri, 03 Jan 2025 22:40:49",,,,503.6473574428175,No GPS,-27.099565117875947,3.8705882352941177
"Fri, 03 Jan 2025 22:46:24",,,,500.47639015176236,No GPS,-28.00961318379492,3.8862745098039215
"Fri, 03 Jan 2025 22:51:58",,,,497.8657065549914,No GPS,-28.39047837033646,3.8862745098039215
"Fri, 03 Jan 2025 22:59:08",,,,499.16508788854406,No GPS,-27.57930876630808,3.8627450980392157
"Fri, 03 Jan 2025 23:04:42",,,,498.318701882285,No GPS,-28.74021515220874,3.8784313725490196
"Fri, 03 Jan 2025 23:10:17",,,,500.4406273627655,No GPS,-29.500114442664227,3.8627450980392157
"Fri, 03 Jan 2025 23:17:26",,,,501.4777482436745,No GPS,-28.489356832227053,3.83921568627451
"Fri, 03 Jan 2025 23:23:01",,,,500.142604121125,No GPS,-29.370107576104374,3.854901960784314
"Fri, 03 Jan 2025 23:28:35",,,,500.30949713644367,No GPS,-29.370107576104374,3.83921568627451
"Fri, 03 Jan 2025 23:35:44",,,,500.5121529407592,No GPS,-28.399633783474478,3.831372549019608
"Fri, 03 Jan 2025 23:41:19",,,,499.3081390445315,No GPS,-29.150377660791946,3.854901960784314
"Fri, 03 Jan 2025 23:46:54",,,,500.3333389957749,No GPS,-28.76035706111238,3.847058823529412
"Fri, 03 Jan 2025 23:54:03",,,,500.8578599010622,No GPS,-27.67086289768826,3.83921568627451
"Fri, 03 Jan 2025 23:59:37",,,,499.2366134665378,No GPS,-28.650492103456166,3.8627450980392157
"Sat, 04 Jan 2025 00:05:12",,,,498.70017163158485,No GPS,-28.95994506752117,3.83921568627451
"Sat, 04 Jan 2025 00:12:21",,,,500.2022087694531,No GPS,-27.940032043945983,3.831372549019608
"Sat, 04 Jan 2025 00:17:55",,,,497.9253112033195,No GPS,-28.969100480659186,3.83921568627451
"Sat, 04 Jan 2025 00:23:30",,,,497.96107399231636,No GPS,-29.159533073929964,3.83921568627451
"Sat, 04 Jan 2025 00:30:39",,,,496.81666474441676,No GPS,-28.50949874113069,3.8156862745098037
"Sat, 04 Jan 2025 00:36:15",,,,499.16508788854406,No GPS,-29.190661478599225,3.831372549019608
"Sat, 04 Jan 2025 00:41:50",,,,498.64056698325675,No GPS,-29.130235751888307,3.83921568627451
"Sat, 04 Jan 2025 00:48:59",,,,499.4273483411877,No GPS,-28.460059510185395,3.8235294117647056
"Sat, 04 Jan 2025 00:54:35",,,,498.11604607796943,No GPS,-29.60997940032044,3.831372549019608
"Sat, 04 Jan 2025 01:00:10",,,,499.73729251249387,No GPS,-29.63012130922408,3.831372549019608
"Sat, 04 Jan 2025 01:07:19",,,,500.23797155844994,No GPS,-29.139391165026325,3.8078431372549018
"Sat, 04 Jan 2025 01:12:53",,,,512.7549477073519,No GPS,-27.729457541771573,3.847058823529412
"Sat, 04 Jan 2025 01:18:28",,,,511.72974775610845,No GPS,-27.26070038910506,3.8627450980392157
"Sat, 04 Jan 2025 01:25:37",,,,503.09899467819895,No GPS,-27.500572213321128,3.854901960784314
"Sat, 04 Jan 2025 01:31:12",,,,500.0353157541344,No GPS,-29.289539940489817,3.847058823529412
"Sat, 04 Jan 2025 01:36:46",,,,505.50702247065436,No GPS,-28.72922865644312,3.847058823529412
"Sat, 04 Jan 2025 01:43:55",,,,499.7134506531626,No GPS,-28.679789425497823,3.8235294117647056
"Sat, 04 Jan 2025 01:49:30",,,,502.1691621642805,No GPS,-28.80064087891966,3.831372549019608
"Sat, 04 Jan 2025 01:49:31",,,,502.1691621642805,No GPS,-28.80064087891966,3.831372549019608
"Sat, 04 Jan 2025 01:55:04",,,,497.94915306265074,No GPS,-29.509269855802245,3.831372549019608
"Sat, 04 Jan 2025 02:02:13",,,,500.8578599010622,No GPS,-28.37033646143282,3.8156862745098037
"Sat, 04 Jan 2025 02:07:48",,,,499.9757111058063,No GPS,-29.110093842984668,3.8235294117647056
"Sat, 04 Jan 2025 02:13:23",,,,500.2141296991187,No GPS,-27.899748226138705,3.76078431372549
"Sat, 04 Jan 2025 02:20:32",,,,500.3214180661093,No GPS,-27.800869764248112,3.8
"Sat, 04 Jan 2025 02:26:06",,,,500.17836691012184,No GPS,-28.35019455252918,3.8078431372549018
"Sat, 04 Jan 2025 02:26:17",,,,500.17836691012184,No GPS,-28.35019455252918,3.8078431372549018
"Sat, 04 Jan 2025 02:31:42",,,,500.392943644103,No GPS,-28.619363698786906,3.8078431372549018
"Sat, 04 Jan 2025 02:38:51",,,,502.13339937528366,No GPS,-27.540856031128406,3.8
"Sat, 04 Jan 2025 02:44:26",,,,499.3081390445315,No GPS,-28.240329594872968,3.8156862745098037
"Sat, 04 Jan 2025 02:50:00",,,,499.1293250995472,No GPS,-28.699931334401462,3.8235294117647056
"Sat, 04 Jan 2025 02:57:09",,,,500.2260506287843,No GPS,-27.740444037537195,3.8078431372549018
"Sat, 04 Jan 2025 03:02:44",,,,500.40486457376863,No GPS,-28.52964065003433,3.8156862745098037
"Sat, 04 Jan 2025 03:02:45",,,,500.40486457376863,No GPS,-28.52964065003433,3.8156862745098037
"Sat, 04 Jan 2025 03:08:19",,,,500.81017618239974,No GPS,-28.450904097047378,3.8078431372549018
"Sat, 04 Jan 2025 03:15:28",,,,496.26830197979814,No GPS,-28.090180819409476,3.8078431372549018
"Sat, 04 Jan 2025 03:21:02",,,,497.0670042673948,No GPS,-28.520485236896313,3.8078431372549018
"Sat, 04 Jan 2025 03:26:37",,,,500.30949713644367,No GPS,-28.43076218814374,3.784313725490196
"Sat, 04 Jan 2025 03:33:46",,,,501.39430173601517,No GPS,-27.42000457770657,3.792156862745098
"Sat, 04 Jan 2025 03:39:21",,,,500.6671250264123,No GPS,-27.949187457084,3.8078431372549018
"Sat, 04 Jan 2025 03:44:55",,,,501.3108552283558,No GPS,-28.35019455252918,3.8156862745098037
"Sat, 04 Jan 2025 03:52:04",,,,500.5598366594217,No GPS,-27.500572213321128,3.8
"Sat, 04 Jan 2025 03:52:05",,,,500.5598366594217,No GPS,-27.500572213321128,3.8
"Sat, 04 Jan 2025 03:57:39",,,,500.70288781540916,No GPS,-28.300755321583885,3.8078431372549018
"Sat, 04 Jan 2025 04:03:14",,,,499.84458087948445,No GPS,-28.7200732433051,3.8078431372549018
"Sat, 04 Jan 2025 04:03:27",,,,499.84458087948445,No GPS,-28.7200732433051,3.8078431372549018
"Sat, 04 Jan 2025 04:10:23",,,,501.084357564709,No GPS,-28.110322728313115,3.776470588235294
"Sat, 04 Jan 2025 04:10:24",,,,501.084357564709,No GPS,-28.110322728313115,3.776470588235294
"Sat, 04 Jan 2025 04:15:58",,,,500.64328316708105,No GPS,-28.309910734721903,3.8078431372549018
"Sat, 04 Jan 2025 04:21:32",,,,501.0605157053778,No GPS,-28.58091096360723,3.8
"Sat, 04 Jan 2025 04:22:00",,,,501.0605157053778,No GPS,-28.58091096360723,3.8
"Sat, 04 Jan 2025 04:28:41",,,,502.562552843246,No GPS,-27.330281528953996,3.792156862745098
"Sat, 04 Jan 2025 04:30:15",,,,502.562552843246,No GPS,-27.330281528953996,3.792156862745098
"Sat, 04 Jan 2025 04:34:16",,,,499.3439018335284,No GPS,-28.37033646143282,3.8
"Sat, 04 Jan 2025 04:39:50",,,,500.142604121125,No GPS,-27.330281528953996,3.768627450980392
"Sat, 04 Jan 2025 04:40:18",,,,500.142604121125,No GPS,-27.330281528953996,3.768627450980392
"Sat, 04 Jan 2025 04:46:59",,,,500.6552040967467,No GPS,-27.65072098878462,3.776470588235294
"Sat, 04 Jan 2025 04:48:04",,,,500.6552040967467,No GPS,-27.65072098878462,3.776470588235294
"Sat, 04 Jan 2025 04:52:34",,,,500.9055436197247,No GPS,-28.229343099107346,3.776470588235294
"Sat, 04 Jan 2025 04:53:32",,,,500.9055436197247,No GPS,-28.229343099107346,3.776470588235294
"Sat, 04 Jan 2025 04:58:08",,,,500.08299947279687,No GPS,-28.630350194552527,3.784313725490196
"Sat, 04 Jan 2025 04:59:09",,,,500.08299947279687,No GPS,-28.630350194552527,3.784313725490196
"Sat, 04 Jan 2025 05:05:17",,,,498.35446467128185,No GPS,-28.00961318379492,3.768627450980392
"Sat, 04 Jan 2025 05:05:29",,,,498.35446467128185,No GPS,-28.00961318379492,3.768627450980392
"Sat, 04 Jan 2025 05:10:52",,,,498.7359344205817,No GPS,-28.859235523002972,3.776470588235294
"Sat, 04 Jan 2025 05:16:26",,,,500.5598366594217,No GPS,-28.70908674753948,3.776470588235294
"Sat, 04 Jan 2025 05:23:35",,,,497.5915251726821,No GPS,-28.37949187457084,3.7372549019607844
"Sat, 04 Jan 2025 05:29:10",,,,502.2764505312711,No GPS,-28.39047837033646,3.768627450980392
"Sat, 04 Jan 2025 05:34:44",,,,502.70560399923346,No GPS,-27.780727855344473,3.784313725490196
"Sat, 04 Jan 2025 05:41:53",,,,500.4406273627655,No GPS,-27.220416571297783,3.776470588235294
"Sat, 04 Jan 2025 05:43:07",,,,500.4406273627655,No GPS,-27.220416571297783,3.776470588235294
"Sat, 04 Jan 2025 05:47:28",,,,498.8313018579067,No GPS,-28.52964065003433,3.784313725490196
"Sat, 04 Jan 2025 05:48:02",,,,498.8313018579067,No GPS,-28.52964065003433,3.784313725490196
"Sat, 04 Jan 2025 05:53:02",,,,501.3108552283558,No GPS,-28.639505607690545,3.768627450980392
"Sat, 04 Jan 2025 05:53:18",,,,501.3108552283558,No GPS,-28.639505607690545,3.768627450980392
"Sat, 04 Jan 2025 06:00:11",,,,500.7982552527341,No GPS,-27.769741359578852,3.76078431372549
"Sat, 04 Jan 2025 06:02:37",,,,500.7982552527341,No GPS,-27.769741359578852,3.76078431372549
"Sat, 04 Jan 2025 06:05:47",,,,500.47639015176236,No GPS,-27.029983978027012,3.76078431372549
"Sat, 04 Jan 2025 06:11:22",,,,501.10819942404027,No GPS,-27.85030899519341,3.768627450980392
"Sat, 04 Jan 2025 06:11:48",,,,501.10819942404027,No GPS,-27.85030899519341,3.768627450980392
"Sat, 04 Jan 2025 06:18:31",,,,499.4154274115221,No GPS,-27.469443808651867,3.76078431372549
"Sat, 04 Jan 2025 06:24:06",,,,498.1637297966319,No GPS,-28.43076218814374,3.768627450980392
"Sat, 04 Jan 2025 06:29:41",,,,500.4406273627655,No GPS,-28.58091096360723,3.7450980392156863
"Sat, 04 Jan 2025 06:29:53",,,,500.4406273627655,No GPS,-28.58091096360723,3.7450980392156863
"Sat, 04 Jan 2025 06:36:50",,,,499.7134506531626,No GPS,-27.65072098878462,3.7529411764705882
"Sat, 04 Jan 2025 06:42:25",,,,501.2512505800277,No GPS,-26.469672693980314,3.776470588235294
"Sat, 04 Jan 2025 06:47:59",,,,495.24310202855474,No GPS,-25.050583657587552,3.792156862745098
"Sat, 04 Jan 2025 06:48:28",,,,495.24310202855474,No GPS,-25.050583657587552,3.792156862745098
"Sat, 04 Jan 2025 06:55:07",,,,490.9992510675937,No GPS,-21.76928358892195,3.8235294117647056
"Sat, 04 Jan 2025 06:55:25",,,,490.9992510675937,No GPS,-21.76928358892195,3.8235294117647056
"Sat, 04 Jan 2025 07:00:41",,,,492.83507423609933,No GPS,-20.240329594872968,3.854901960784314
"Sat, 04 Jan 2025 07:05:51",55.294117647058826,5709.1630426489655,9.0,490.486651091972,GPS,-18.37079423208972,3.8862745098039215
"Sat, 04 Jan 2025 07:10:56",58.82352941176471,5715.2666514076445,11.0,485.7898048037174,GPS,-16.360265506981,3.9254901960784316
"Sat, 04 Jan 2025 07:16:02",54.11764705882353,5831.235217822537,10.0,482.5234700753373,GPS,-13.269398031586178,3.9411764705882355
"Sat, 04 Jan 2025 07:16:29",54.11764705882353,5831.235217822537,10.0,482.5234700753373,GPS,-13.269398031586178,3.9411764705882355
"Sat, 04 Jan 2025 07:21:07",75.29411764705883,5837.3388265812155,10.0,480.27041436853494,GPS,-13.919432364385443,3.9490196078431374
"Sat, 04 Jan 2025 07:26:13",4.705882352941177,5895.323109788662,6.0,480.38962366519115,GPS,-13.060654612039372,3.9490196078431374
"Sat, 04 Jan 2025 07:27:17",4.705882352941177,5895.323109788662,6.0,480.38962366519115,GPS,-13.060654612039372,3.9490196078431374
"Sat, 04 Jan 2025 07:31:19",64.70588235294117,5995.269703212024,5.0,477.27826102246405,GPS,-9.09086747539483,3.9568627450980394
"Sat, 04 Jan 2025 07:36:24",23.529411764705884,5990.691996643015,6.0,471.04361480734434,GPS,-7.389791714351112,3.9647058823529413
"Sat, 04 Jan 2025 07:41:29",50.58823529411765,5986.877241168841,9.0,472.5218100858813,GPS,-7.490501258869308,3.9647058823529413
"Sat, 04 Jan 2025 07:46:36",7.0588235294117645,5980.7736324101625,6.0,471.2581915413255,GPS,-5.809567406729229,3.9568627450980394
"Sat, 04 Jan 2025 07:51:43",56.470588235294116,6028.839551384756,9.0,468.99321490485755,GPS,-4.690775921263452,3.9490196078431374
"Sat, 04 Jan 2025 07:56:48",54.11764705882353,6031.891355764095,9.0,468.93361025652945,GPS,-6.840466926070036,3.9647058823529413
"Sat, 04 Jan 2025 08:01:55",47.05882352941177,6051.7280842298005,8.0,468.19451261726095,GPS,-7.360494392309455,3.9725490196078432
"Sat, 04 Jan 2025 08:07:01",51.76470588235294,5992.98084992752,10.0,472.092656617919,GPS,-6.560311284046691,3.9647058823529413
"Sat, 04 Jan 2025 08:12:07",56.470588235294116,6005.951018539711,8.0,470.2925962384102,GPS,-5.320668345159078,3.980392156862745
"Sat, 04 Jan 2025 08:17:14",56.470588235294116,6088.349736781872,10.0,465.6911173874806,GPS,-5.1998168917372425,3.9725490196078432
"Sat, 04 Jan 2025 08:22:20",57.64705882352941,6114.290074006256,7.0,464.35597326493104,GPS,-4.260471503776614,3.9647058823529413
"Sat, 04 Jan 2025 08:27:27",56.470588235294116,6096.742198825055,9.0,466.23948015209913,GPS,-5.860837720302129,3.980392156862745
"Sat, 04 Jan 2025 08:32:33",56.470588235294116,6079.957274738689,8.0,467.2408382440113,GPS,-6.979629205767907,3.980392156862745
"Sat, 04 Jan 2025 08:37:42",43.529411764705884,6099.03105210956,7.0,464.892415099884,GPS,-6.629892423895626,3.9725490196078432
"Sat, 04 Jan 2025 08:42:48",63.529411764705884,6135.652704661631,10.0,462.28173150311295,GPS,-0.9608606088349774,3.9647058823529413
"Sat, 04 Jan 2025 08:47:55",60.0,6154.726482032502,9.0,463.59303376633125,GPS,-3.050125886930644,3.980392156862745
"Sat, 04 Jan 2025 08:53:01",58.82352941176471,6147.859922178988,9.0,463.5215081883375,GPS,-4.690775921263452,3.9725490196078432
"Sat, 04 Jan 2025 08:58:08",60.0,6180.666819256885,9.0,461.54263386384446,GPS,-5.619134813458459,3.980392156862745
"Sat, 04 Jan 2025 09:03:19",57.64705882352941,6201.266498817426,7.0,458.86042468907976,GPS,1.4506752117189308,3.9725490196078432
"Sat, 04 Jan 2025 09:08:25",57.64705882352941,6198.977645532921,8.0,459.59952232834826,GPS,-2.969558251316087,3.9725490196078432
"Sat, 04 Jan 2025 09:13:31",58.82352941176471,6211.184863050278,8.0,460.04059672597623,GPS,-1.2593270771343583,3.988235294117647
"Sat, 04 Jan 2025 09:18:41",60.0,6228.732738231479,7.0,459.14652700105466,GPS,-1.9606317235065234,3.9725490196078432
"Sat, 04 Jan 2025 09:23:48",61.1764705882353,6230.258640421149,9.0,458.28822006512996,GPS,-0.4298466468299438,3.980392156862745
"Sat, 04 Jan 2025 09:29:00",62.35294117647059,6298.924238956282,6.0,455.53448531237154,GPS,0.6596475165941911,3.980392156862745
"Sat, 04 Jan 2025 09:34:06",60.0,6224.917982757305,8.0,456.45239689662435,GPS,1.0698100251773894,3.988235294117647
"Sat, 04 Jan 2025 09:39:13",57.64705882352941,6266.88029297322,8.0,454.0205272448377,GPS,-2.929274433508809,3.988235294117647
"Sat, 04 Jan 2025 09:44:19",62.35294117647059,6249.332417792019,9.0,456.6669736306055,GPS,-3.449301899748221,3.988235294117647
"Sat, 04 Jan 2025 09:49:27",63.529411764705884,6254.673075455863,10.0,457.7994619488395,GPS,6.51911192492561,3.980392156862745
"Sat, 04 Jan 2025 09:54:36",64.70588235294117,6259.250782024872,10.0,455.99940156933076,GPS,-0.5397116044861576,3.988235294117647
"Sat, 04 Jan 2025 09:59:42",63.529411764705884,6301.976043335621,10.0,452.375438950982,GPS,0.33005264362554954,3.980392156862745
"Sat, 04 Jan 2025 10:04:48",58.82352941176471,6279.087510490577,9.0,454.67617837644684,GPS,-4.549782558937977,3.988235294117647
"Sat, 04 Jan 2025 10:09:55",63.529411764705884,6276.798657206073,6.0,453.99668538550645,GPS,-2.500801098649575,3.980392156862745
"Sat, 04 Jan 2025 10:15:01",63.529411764705884,6298.161287861448,7.0,451.1595041250887,GPS,-0.6404211490043537,3.980392156862745
"Sat, 04 Jan 2025 10:20:08",62.35294117647059,6311.131456473639,7.0,454.96228068842174,GPS,-0.039826047150384625,3.980392156862745
"Sat, 04 Jan 2025 10:25:15",63.529411764705884,6317.235065232318,8.0,451.8986017643572,GPS,-0.44083314259556516,3.9725490196078432
"Sat, 04 Jan 2025 10:30:23",63.529411764705884,6304.264896620126,7.0,454.986122547753,GPS,2.2801556420233453,3.9725490196078432
"Sat, 04 Jan 2025 10:35:39",64.70588235294117,6356.145571068894,8.0,455.1530155630717,GPS,-0.31998168917372993,3.980392156862745
"Sat, 04 Jan 2025 10:40:59",65.88235294117648,6462.1957732509345,7.0,453.7344249328628,GPS,-3.3302815289539893,3.980392156862745
"Sat, 04 Jan 2025 10:46:15",64.70588235294117,6240.177004654001,9.0,455.8086666946808,GPS,-1.2501716639963405,3.9725490196078432
"Sat, 04 Jan 2025 10:51:33",65.88235294117648,6269.169146257725,9.0,455.582169031034,GPS,-0.9095902952620776,3.980392156862745
"Sat, 04 Jan 2025 10:56:40",67.05882352941177,6323.3386739909965,8.0,454.9265178994249,GPS,-0.7100022888532891,3.9725490196078432
"Sat, 04 Jan 2025 11:01:47",67.05882352941177,6305.790798809796,9.0,454.91459696975926,GPS,-8.050812542915999,3.980392156862745
"Sat, 04 Jan 2025 11:07:03",67.05882352941177,6321.8127718013275,8.0,458.66968981442983,GPS,-2.8798352025635126,3.9725490196078432
"Sat, 04 Jan 2025 11:12:21",68.23529411764706,6356.908522163729,5.0,452.86419706727247,GPS,-3.1105516136415616,3.9647058823529413
"Sat, 04 Jan 2025 11:17:34",68.23529411764706,6375.982299534599,7.0,451.71978781937287,GPS,-2.949416342412448,3.9568627450980394
"Sat, 04 Jan 2025 11:22:40",67.05882352941177,6382.085908293278,10.0,450.5992204308045,GPS,-0.6697184710460107,3.9647058823529413
"Sat, 04 Jan 2025 11:27:48",67.05882352941177,6388.952468146791,10.0,451.684025030376,GPS,0.7200732433051087,3.980392156862745
"Sat, 04 Jan 2025 11:32:54",70.58823529411765,6388.952468146791,8.0,457.37030848087716,GPS,-10.319523918516822,3.980392156862745
"Sat, 04 Jan 2025 11:38:10",68.23529411764706,6256.9619287403675,9.0,457.9544340344926,GPS,-6.36987869077592,3.9568627450980394
"Sat, 04 Jan 2025 11:43:16",70.58823529411765,6385.137712672617,7.0,449.6813088465517,GPS,-3.0098420691233656,3.9647058823529413
"Sat, 04 Jan 2025 11:48:34",69.41176470588236,6328.67933165484,7.0,452.33967616198515,GPS,-1.079880979629209,3.9647058823529413
"Sat, 04 Jan 2025 11:53:51",70.58823529411765,6347.753109025711,10.0,451.70786688970725,GPS,-1.5999084458686212,3.9725490196078432
"Sat, 04 Jan 2025 11:58:58",70.58823529411765,6353.85671778439,8.0,452.57809475529757,GPS,1.4103913939116524,3.988235294117647
"Sat, 04 Jan 2025 12:04:06",69.41176470588236,6350.041962310215,7.0,452.17278314666646,GPS,-6.419317921721216,3.980392156862745
"Sat, 04 Jan 2025 12:09:13",71.76470588235294,6369.878690775921,8.0,450.4323274154858,GPS,-3.650720988784613,3.9725490196078432
"Sat, 04 Jan 2025 12:14:22",70.58823529411765,6347.753109025711,7.0,451.4575273667292,GPS,-1.2593270771343583,3.9725490196078432
"Sat, 04 Jan 2025 12:19:29",68.23529411764706,6372.93049515526,8.0,450.3727227671577,GPS,-1.050583657587552,3.988235294117647
"Sat, 04 Jan 2025 12:24:37",69.41176470588236,6372.93049515526,8.0,451.3502389997386,GPS,-2.0393682764934766,3.988235294117647
"Sat, 04 Jan 2025 12:29:51",70.58823529411765,6292.057679102769,8.0,449.82436000253915,GPS,2.629892423895626,3.9647058823529413
"Sat, 04 Jan 2025 12:34:59",75.29411764705883,6366.063935301747,8.0,449.70515070588294,GPS,1.0698100251773894,3.9725490196078432
"Sat, 04 Jan 2025 12:40:06",72.94117647058823,6382.848859388113,6.0,448.7037926139708,GPS,-0.6092927443350931,3.980392156862745
"Sat, 04 Jan 2025 12:45:20",72.94117647058823,6410.315098802166,7.0,447.76203917038674,GPS,0.06088349736782561,3.9647058823529413
"Sat, 04 Jan 2025 12:50:27",70.58823529411765,6391.241321431296,7.0,449.2759972379206,GPS,-4.1506065461204,3.9490196078431374
"Sat, 04 Jan 2025 12:55:37",70.58823529411765,6356.908522163729,5.0,451.0402948284325,GPS,-3.7495994506752055,3.9647058823529413
"Sat, 04 Jan 2025 13:00:43",72.94117647058823,6397.344930189975,5.0,451.87475990502594,GPS,-1.5999084458686212,3.980392156862745
"Sat, 04 Jan 2025 13:05:50",74.11764705882354,6349.279011215381,6.0,451.87475990502594,GPS,-2.969558251316087,3.988235294117647
"Sat, 04 Jan 2025 13:10:56",75.29411764705883,6350.041962310215,7.0,449.6693879168861,GPS,-1.7500572213321135,3.9725490196078432
"Sat, 04 Jan 2025 13:16:03",74.11764705882354,6352.33081559472,7.0,450.7661134461232,GPS,-4.240329594872975,3.9725490196078432
"Sat, 04 Jan 2025 13:21:10",70.58823529411765,6372.167544060425,7.0,448.72763447330203,GPS,-0.36942092011902616,3.9725490196078432
"Sat, 04 Jan 2025 13:26:29",69.41176470588236,6327.916380560006,6.0,451.14758319542307,GPS,-5.249256122682539,3.9568627450980394
"Sat, 04 Jan 2025 13:31:35",70.58823529411765,6321.049820706492,7.0,451.75555060836973,GPS,-4.899519340810258,3.9725490196078432
"Sat, 04 Jan 2025 13:36:42",69.41176470588236,6337.834744792858,7.0,451.0641366877637,GPS,-8.34927901121538,3.9568627450980394
"Sat, 04 Jan 2025 13:41:49",70.58823529411765,6340.123598077363,6.0,450.56345764180764,GPS,-4.580910963607238,3.9725490196078432
"Sat, 04 Jan 2025 13:46:57",70.58823529411765,6340.886549172198,6.0,452.33967616198515,GPS,-4.83909361409934,3.9725490196078432
"Sat, 04 Jan 2025 13:52:04",65.88235294117648,6349.279011215381,7.0,449.52633676089863,GPS,-3.410849164568546,3.9725490196078432
"Sat, 04 Jan 2025 13:57:10",62.35294117647059,6356.908522163729,6.0,451.0522157580981,GPS,-7.45021744106203,3.980392156862745
"Sat, 04 Jan 2025 14:02:18",63.529411764705884,6337.834744792858,6.0,450.3608018374921,GPS,-3.570153353170056,3.9647058823529413
"Sat, 04 Jan 2025 14:07:28",65.88235294117648,6337.834744792858,0.0,451.88668083469156,GPS,-8.739299610894939,3.9647058823529413
"Sat, 04 Jan 2025 14:12:34",63.529411764705884,6330.20523384451,8.0,450.8137971647857,GPS,-3.689173723964288,3.9568627450980394
"Sat, 04 Jan 2025 14:17:43",65.88235294117648,6314.946211947814,9.0,453.87747608885024,GPS,-10.830395971618216,3.9647058823529413
"Sat, 04 Jan 2025 14:22:54",64.70588235294117,6243.22880903334,7.0,454.0324481745033,GPS,-5.379262989242392,3.9490196078431374
"Sat, 04 Jan 2025 14:28:06",67.05882352941177,6368.352788586251,9.0,450.1343041738453,GPS,-6.540169375143051,3.9647058823529413
"Sat, 04 Jan 2025 14:33:12",64.70588235294117,6315.7091630426485,7.0,451.88668083469156,GPS,-6.919203479056989,3.9490196078431374
"Sat, 04 Jan 2025 14:38:25",64.70588235294117,6279.850461585412,5.0,453.01916915292554,GPS,-5.320668345159078,3.9490196078431374
"Sat, 04 Jan 2025 14:43:33",64.70588235294117,6327.916380560006,8.0,450.9449273911075,GPS,-5.919432364385443,3.9490196078431374
"Sat, 04 Jan 2025 14:48:45",63.529411764705884,6323.3386739909965,8.0,452.32775523231953,GPS,-8.689860379949643,3.9333333333333336
"Sat, 04 Jan 2025 14:54:04",63.529411764705884,6250.8583199816885,10.0,455.26030393006226,GPS,-8.860151064316774,3.9254901960784316
"Sat, 04 Jan 2025 14:59:38",,,,455.54640624203716,No GPS,-12.870222018768594,3.9254901960784316
"Sat, 04 Jan 2025 15:04:44",63.529411764705884,6231.021591515983,10.0,457.7279363708458,GPS,-13.2803845273518,3.9333333333333336
"Sat, 04 Jan 2025 15:10:18",,,,459.0392386340641,No GPS,-13.730830853742276,3.9176470588235293
"Sat, 04 Jan 2025 15:15:52",,,,459.229973508714,No GPS,-14.710460059510183,3.9098039215686273
"Sat, 04 Jan 2025 15:21:26",,,,460.10020137430433,No GPS,-18.16937514305333,3.8941176470588235
"Sat, 04 Jan 2025 15:28:34",,,,464.18908024961235,No GPS,-19.940032043945983,3.8627450980392157
"Sat, 04 Jan 2025 15:34:08",,,,467.03818243969573,No GPS,-22.029297322041657,3.854901960784314
"Sat, 04 Jan 2025 15:39:43",,,,469.10050327184814,No GPS,-24.57999542229343,3.847058823529412
"Sat, 04 Jan 2025 15:46:52",,,,475.9788796889114,No GPS,-27.020828564888994,3.784313725490196
"Sat, 04 Jan 2025 15:52:26",,,,476.5749261721924,No GPS,-28.500343327992674,3.768627450980392
"Sat, 04 Jan 2025 15:58:01",,,,475.3709122759647,No GPS,-29.329823758297096,3.7529411764705882
"Sat, 04 Jan 2025 16:05:10",,,,476.71797732817987,No GPS,-29.04966811627375,3.7137254901960786
"Sat, 04 Jan 2025 16:10:45",,,,477.96967494307006,No GPS,-29.760128175783933,3.7215686274509805
"Sat, 04 Jan 2025 16:16:20",,,,479.16176790963215,No GPS,-28.20004577706569,3.7058823529411766
"Sat, 04 Jan 2025 16:23:29",,,,478.9710330349822,No GPS,-28.269626916914625,3.7137254901960786
"Sat, 04 Jan 2025 16:29:04",,,,478.8399028086604,No GPS,-29.21995880064088,3.7058823529411766
"Sat, 04 Jan 2025 16:34:38",,,,479.5313167292664,No GPS,-29.24925612268254,3.7137254901960786
"Sat, 04 Jan 2025 16:41:48",,,,479.0187167536447,No GPS,-27.740444037537195,3.7058823529411766
"Sat, 04 Jan 2025 16:47:22",,,,478.6849307230073,No GPS,-29.040512703135732,3.7137254901960786
"Sat, 04 Jan 2025 16:52:57",,,,480.33001901686305,No GPS,-28.130464637216754,3.854901960784314
"Sat, 04 Jan 2025 17:00:06",,,,476.6106889611893,No GPS,-27.350423437857636,3.6980392156862747
"Sat, 04 Jan 2025 17:05:41",,,,479.0306376833103,No GPS,-28.56076905470359,3.7137254901960786
"Sat, 04 Jan 2025 17:11:15",,,,479.17368883929777,No GPS,-28.59006637674525,3.7137254901960786
"Sat, 04 Jan 2025 17:18:25",,,,478.8995074569885,No GPS,-27.910734721904326,3.6980392156862747
"Sat, 04 Jan 2025 17:23:59",,,,477.27826102246405,No GPS,-28.690775921263445,3.7137254901960786
"Sat, 04 Jan 2025 17:29:34",,,,477.83854471674823,No GPS,-28.850080109864955,3.7137254901960786
"Sat, 04 Jan 2025 17:36:43",,,,478.42267027036365,No GPS,-28.06088349736782,3.6980392156862747
"Sat, 04 Jan 2025 17:42:18",,,,479.0783214019728,No GPS,-28.809796292057676,3.7058823529411766
"Sat, 04 Jan 2025 17:47:52",,,,479.7220516039163,No GPS,-28.769512474250398,3.6980392156862747
"Sat, 04 Jan 2025 17:55:02",,,,479.84126090057254,No GPS,-27.079423208972308,3.682352941176471
"Sat, 04 Jan 2025 18:00:36",,,,479.1856097689634,No GPS,-28.43076218814374,3.6980392156862747
"Sat, 04 Jan 2025 18:06:11",,,,478.92334931631973,No GPS,-28.870222018768594,3.6901960784313728
"Sat, 04 Jan 2025 18:13:20",,,,481.18832595278775,No GPS,-26.92011902037079,3.682352941176471
"Sat, 04 Jan 2025 18:18:55",,,,479.97239112689437,No GPS,-28.02059967956054,3.7137254901960786
"Sat, 04 Jan 2025 18:24:29",,,,480.6995678364973,No GPS,-28.300755321583885,3.7058823529411766
"Sat, 04 Jan 2025 18:31:38",,,,481.82013522506566,No GPS,-27.500572213321128,3.6980392156862747
"Sat, 04 Jan 2025 18:37:13",,,,479.9366283378975,No GPS,-27.09040970473793,3.6980392156862747
"Sat, 04 Jan 2025 18:42:48",,,,481.35521896810644,No GPS,-28.15976195925841,3.7058823529411766
"Sat, 04 Jan 2025 18:49:57",,,,479.1260051206353,No GPS,-27.949187457084,3.6901960784313728
"Sat, 04 Jan 2025 18:55:32",,,,479.73397253358195,No GPS,-28.679789425497823,3.6901960784313728
"Sat, 04 Jan 2025 19:01:06",,,,480.1869678608756,No GPS,-28.829938200961315,3.6901960784313728
"Sat, 04 Jan 2025 19:08:16",,,,479.7220516039163,No GPS,-28.399633783474478,3.674509803921569
"Sat, 04 Jan 2025 19:13:50",,,,481.86781894372814,No GPS,-28.540627145799952,3.6901960784313728
"Sat, 04 Jan 2025 19:19:25",,,,480.2465725092037,No GPS,-28.890363927672233,3.6901960784313728
"Sat, 04 Jan 2025 19:26:34",,,,479.3763446436133,No GPS,-28.489356832227053,3.674509803921569
"Sat, 04 Jan 2025 19:32:10",,,,482.1300793963718,No GPS,-28.78049897001602,3.6901960784313728
"Sat, 04 Jan 2025 19:37:45",,,,482.09431660737494,No GPS,-28.56076905470359,3.6980392156862747
"Sat, 04 Jan 2025 19:44:54",,,,477.85046564641385,No GPS,-28.39047837033646,3.674509803921569
"Sat, 04 Jan 2025 19:50:29",,,,475.89543318125203,No GPS,-29.06981002517739,3.6901960784313728
"Sat, 04 Jan 2025 19:56:03",,,,476.7298982578455,No GPS,-29.370107576104374,3.682352941176471
"Sat, 04 Jan 2025 20:03:13",,,,478.6134051450136,No GPS,-29.040512703135732,3.6666666666666665
"Sat, 04 Jan 2025 20:08:47",,,,481.9751073107187,No GPS,-29.24010070954452,3.674509803921569
"Sat, 04 Jan 2025 20:14:22",,,,480.50883296184736,No GPS,-29.000228885328454,3.682352941176471
"Sat, 04 Jan 2025 20:21:31",,,,477.8266237870826,No GPS,-28.13962005035477,3.6588235294117646
"Sat, 04 Jan 2025 20:27:06",,,,480.0558376345537,No GPS,-28.839093614099333,3.674509803921569
"Sat, 04 Jan 2025 20:32:41",,,,481.86781894372814,No GPS,-29.359121080338753,3.674509803921569
"Sat, 04 Jan 2025 20:39:50",,,,485.2772048280957,No GPS,-27.44014648661021,3.674509803921569
"Sat, 04 Jan 2025 20:45:27",,,,479.1260051206353,No GPS,-28.820782787823298,3.6901960784313728
"Sat, 04 Jan 2025 20:51:01",,,,480.55651668050984,No GPS,-29.2803845273518,3.682352941176471
"Sat, 04 Jan 2025 20:58:12",,,,480.3538608761943,No GPS,-28.87937743190661,3.6588235294117646
"Sat, 04 Jan 2025 21:03:47",,,,479.28097720628836,No GPS,-29.719844357976655,3.6666666666666665
"Sat, 04 Jan 2025 21:09:21",,,,480.4730701728505,No GPS,-28.4106202792401,3.6509803921568627
"Sat, 04 Jan 2025 21:16:31",,,,479.0783214019728,No GPS,-27.940032043945983,3.6431372549019607
"Sat, 04 Jan 2025 21:22:06",,,,479.05447954264156,No GPS,-29.269398031586178,3.6588235294117646
"Sat, 04 Jan 2025 21:27:41",,,,481.0571957264659,No GPS,-28.249485008010986,3.6509803921568627
"Sat, 04 Jan 2025 21:34:51",,,,479.90086554890064,No GPS,-28.630350194552527,3.6509803921568627
"Sat, 04 Jan 2025 21:40:26",,,,481.17640502312213,No GPS,-29.600823987182423,3.6588235294117646
"Sat, 04 Jan 2025 21:46:01",,,,482.85725610597467,No GPS,-29.04966811627375,3.6588235294117646
"Sat, 04 Jan 2025 21:53:10",,,,476.52724245352994,No GPS,-28.670634012359805,3.6509803921568627
"Sat, 04 Jan 2025 21:58:45",,,,484.78844671180525,No GPS,-28.630350194552527,3.6666666666666665
"Sat, 04 Jan 2025 22:04:19",,,,476.0980889855676,No GPS,-29.040512703135732,3.674509803921569
"Sat, 04 Jan 2025 22:11:29",,,,483.2744886442714,No GPS,-27.940032043945983,3.6509803921568627
"Sat, 04 Jan 2025 22:17:03",,,,477.21865637413595,No GPS,-29.02952620737011,3.6666666666666665
"Sat, 04 Jan 2025 22:22:38",,,,480.0916004235506,No GPS,-29.24010070954452,3.6666666666666665
"Sat, 04 Jan 2025 22:29:47",,,,481.5459538427564,No GPS,-28.20004577706569,3.6509803921568627
"Sat, 04 Jan 2025 22:35:22",,,,482.90493982463715,No GPS,-28.54978255893797,3.674509803921569
"Sat, 04 Jan 2025 22:40:57",,,,485.18183739077074,No GPS,-28.02059967956054,3.682352941176471
"Sat, 04 Jan 2025 22:48:06",,,,480.27041436853494,No GPS,-27.949187457084,3.6666666666666665
"Sat, 04 Jan 2025 22:53:41",,,,482.8810979653059,No GPS,-28.50949874113069,3.6431372549019607
"Sat, 04 Jan 2025 22:59:15",,,,484.9791815864552,No GPS,-28.04074158846418,3.674509803921569
"Sat, 04 Jan 2025 23:06:24",,,,487.0415024186076,No GPS,-25.889219501029984,3.674509803921569
"Sat, 04 Jan 2025 23:11:59",,,,482.60691658299663,No GPS,-27.590295262073703,3.682352941176471
"Sat, 04 Jan 2025 23:17:33",,,,484.96726065678956,No GPS,-27.48043030441749,3.6666666666666665
"Sat, 04 Jan 2025 23:24:43",,,,481.00951200780344,No GPS,-27.24971389333944,3.6588235294117646
"Sat, 04 Jan 2025 23:30:17",,,,481.29561431977834,No GPS,-28.099336232547493,3.6666666666666665
"Sat, 04 Jan 2025 23:35:52",,,,484.50234439983035,No GPS,-26.830395971618216,3.6509803921568627
"Sat, 04 Jan 2025 23:43:01",,,,485.08646995344577,No GPS,-26.37994964522774,3.6588235294117646
"Sat, 04 Jan 2025 23:48:35",,,,484.66923741514904,No GPS,-27.020828564888994,3.674509803921569
"Sat, 04 Jan 2025 23:54:10",,,,480.8068562034879,No GPS,-27.639734493019,3.682352941176471
"Sun, 05 Jan 2025 00:01:19",,,,483.4413816595901,No GPS,-26.790112153810938,3.6666666666666665
"Sun, 05 Jan 2025 00:06:54",,,,482.7618886686497,No GPS,-27.81002517738613,3.682352941176471
"Sun, 05 Jan 2025 00:12:28",,,,486.9818977702795,No GPS,-27.339436942092014,3.674509803921569
"Sun, 05 Jan 2025 00:19:37",,,,484.9791815864552,No GPS,-25.6401922636759,3.674509803921569
"Sun, 05 Jan 2025 00:25:13",,,,491.1661440829124,No GPS,-25.66033417257954,3.6980392156862747
"Sun, 05 Jan 2025 00:30:47",,,,484.073190931868,No GPS,-26.429388876173036,3.6980392156862747
"Sun, 05 Jan 2025 00:37:56",,,,488.4600930488165,No GPS,-25.570611123826964,3.682352941176471
"Sun, 05 Jan 2025 00:43:30",,,,486.85076754395766,No GPS,-26.310368505378804,3.6980392156862747
"Sun, 05 Jan 2025 00:49:05",,,,491.2615115202374,No GPS,-25.920347905699245,3.6980392156862747
"Sun, 05 Jan 2025 00:56:16",,,,484.4069769625054,No GPS,-25.330739299610897,3.6980392156862747
"Sun, 05 Jan 2025 01:01:50",,,,489.19919068808497,No GPS,-26.110780498970016,3.7058823529411766
"Sun, 05 Jan 2025 01:07:27",,,,486.38585128699845,No GPS,-25.999084458686198,3.7058823529411766
"Sun, 05 Jan 2025 01:14:36",,,,487.47065588656994,No GPS,-25.75921263447013,3.682352941176471
"Sun, 05 Jan 2025 01:14:57",,,,487.47065588656994,No GPS,-25.75921263447013,3.682352941176471
"Sun, 05 Jan 2025 01:20:10",,,,487.58986518322615,No GPS,-26.290226596475165,3.6980392156862747
"Sun, 05 Jan 2025 01:25:45",,,,486.7077163879702,No GPS,-26.859693293659873,3.6901960784313728
"Sun, 05 Jan 2025 01:32:54",,,,485.2772048280957,No GPS,-26.37079423208972,3.674509803921569
"Sun, 05 Jan 2025 01:38:28",,,,487.18455357459504,No GPS,-26.96040283817807,3.682352941176471
"Sun, 05 Jan 2025 01:44:03",,,,486.77924196596393,No GPS,-26.949416342412448,3.674509803921569
"Sun, 05 Jan 2025 01:51:12",,,,487.3991303085762,No GPS,-25.85076676585031,3.674509803921569
"Sun, 05 Jan 2025 01:56:46",,,,484.2520048768523,No GPS,-26.70954451819638,3.682352941176471
"Sun, 05 Jan 2025 02:02:21",,,,485.6825164367268,No GPS,-27.000686655985355,3.682352941176471
"Sun, 05 Jan 2025 02:09:30",,,,484.0612700022024,No GPS,-26.209658960860608,3.6588235294117646
"Sun, 05 Jan 2025 02:15:04",,,,485.2772048280957,No GPS,-26.74067292286564,3.674509803921569
"Sun, 05 Jan 2025 02:20:39",,,,486.32624663867034,No GPS,-26.720531013962002,3.674509803921569
"Sun, 05 Jan 2025 02:27:48",,,,485.58714899940185,No GPS,-26.039368276493477,3.6588235294117646
"Sun, 05 Jan 2025 02:33:23",,,,484.764604852474,No GPS,-26.790112153810938,3.674509803921569
"Sun, 05 Jan 2025 02:38:57",,,,484.1804792988586,No GPS,-27.11055161364157,3.674509803921569
"Sun, 05 Jan 2025 02:46:06",,,,483.9539816352118,No GPS,-26.299382009613183,3.6588235294117646
"Sun, 05 Jan 2025 02:51:42",,,,483.70364211223375,No GPS,-26.96040283817807,3.6509803921568627
"Sun, 05 Jan 2025 02:57:16",,,,484.5381071888272,No GPS,-26.76081483176928,3.674509803921569
"Sun, 05 Jan 2025 03:04:25",,,,487.6017861128918,No GPS,-25.839780270084688,3.6588235294117646
"Sun, 05 Jan 2025 03:10:00",,,,484.7526839228084,No GPS,-26.310368505378804,3.674509803921569
"Sun, 05 Jan 2025 03:15:34",,,,488.3528046818259,No GPS,-26.160219729915312,3.674509803921569
"Sun, 05 Jan 2025 03:22:44",,,,486.0043815376986,No GPS,-24.830853742275117,3.674509803921569
"Sun, 05 Jan 2025 03:28:18",,,,486.9461349812826,No GPS,-25.940489814602884,3.6901960784313728
"Sun, 05 Jan 2025 03:33:55",,,,488.79387907945386,No GPS,-25.400320439459833,3.6980392156862747
"Sun, 05 Jan 2025 03:41:03",,,,484.764604852474,No GPS,-24.90959029526207,3.674509803921569
"Sun, 05 Jan 2025 03:46:38",,,,487.75675819854484,No GPS,-25.44975967040513,3.6980392156862747
"Sun, 05 Jan 2025 03:52:12",,,,488.37664654115713,No GPS,-25.44975967040513,3.7058823529411766
"Sun, 05 Jan 2025 03:59:21",,,,488.1859116665072,No GPS,-24.21011673151751,3.6980392156862747
"Sun, 05 Jan 2025 04:04:55",,,,487.70907447988236,No GPS,-24.900434882124053,3.7058823529411766
"Sun, 05 Jan 2025 04:10:29",,,,489.36608370340366,No GPS,-24.490272373540854,3.7058823529411766
"Sun, 05 Jan 2025 04:17:39",,,,487.07726520760446,No GPS,-23.900663767452507,3.6980392156862747
"Sun, 05 Jan 2025 04:23:14",,,,490.85619991160627,No GPS,-24.270542458228427,3.7137254901960786
"Sun, 05 Jan 2025 04:28:48",,,,489.1515069694225,No GPS,-24.609292744335086,3.7137254901960786
"Sun, 05 Jan 2025 04:35:57",,,,491.2257487312405,No GPS,-23.750514991989014,3.6980392156862747
"Sun, 05 Jan 2025 04:41:31",,,,487.625627972223,No GPS,-24.38956282902266,3.7137254901960786
"Sun, 05 Jan 2025 04:47:05",,,,493.5741718753678,No GPS,-24.069123369192035,3.7137254901960786
"Sun, 05 Jan 2025 04:54:13",,,,487.01766055927635,No GPS,-23.549095902952622,3.7058823529411766
"Sun, 05 Jan 2025 04:59:48",,,,490.61778131829385,No GPS,-23.77981231403067,3.7137254901960786
"Sun, 05 Jan 2025 05:05:22",,,,491.65490219920287,No GPS,-24.03067063401236,3.7137254901960786
"Sun, 05 Jan 2025 05:12:30",,,,493.87219511700835,No GPS,-22.75989929045548,3.7058823529411766
"Sun, 05 Jan 2025 05:18:05",,,,488.78195814978824,No GPS,-23.880521858548867,3.7137254901960786
"Sun, 05 Jan 2025 05:23:39",,,,487.3156838009169,No GPS,-24.199130235751888,3.7137254901960786
"Sun, 05 Jan 2025 05:30:47",,,,489.890604608691,No GPS,-23.530785076676587,3.7058823529411766
"Sun, 05 Jan 2025 05:36:22",,,,488.0905442291822,No GPS,-23.40993362325475,3.7137254901960786
"Sun, 05 Jan 2025 05:41:56",,,,484.9791815864552,No GPS,-18.61066605630579,3.7294117647058824
"Sun, 05 Jan 2025 05:42:25",,,,484.9791815864552,No GPS,-18.61066605630579,3.7294117647058824
"Sun, 05 Jan 2025 05:47:55",55.294117647058826,6231.021591515983,32.0,490.03365576467843,GPS,-15.849393453879607,3.76078431372549
"Sun, 05 Jan 2025 05:53:01",50.58823529411765,5803.006027313649,9.0,482.73804680931846,GPS,-15.369649805447473,3.8156862745098037
"Sun, 05 Jan 2025 05:58:06",51.76470588235294,5908.293278400854,10.0,476.65837267985177,GPS,-13.08079652094301,3.8235294117647056
"Sun, 05 Jan 2025 06:03:12",48.23529411764706,5999.847409781033,10.0,477.1352098664766,GPS,-11.339436942092014,3.8156862745098037
"Sun, 05 Jan 2025 06:08:19",50.58823529411765,6022.735942626077,9.0,475.34707041663347,GPS,-8.039826047150378,3.831372549019608
"Sun, 05 Jan 2025 06:13:25",54.11764705882353,6066.224155031662,10.0,472.4979682265501,GPS,-7.259784847791259,3.83921568627451
"Sun, 05 Jan 2025 06:18:31",27.058823529411764,6075.37956816968,8.0,471.5442938533004,GPS,-5.159533073929964,3.83921568627451
"Sun, 05 Jan 2025 06:23:36",62.35294117647059,6096.742198825055,9.0,469.136266060845,GPS,-4.67978942549783,3.83921568627451
"Sun, 05 Jan 2025 06:28:42",55.294117647058826,6144.808117799648,9.0,467.753438219633,GPS,-4.769512474250405,3.831372549019608
"Sun, 05 Jan 2025 06:33:49",56.470588235294116,6167.696650644693,7.0,466.46597781574593,GPS,-6.150148775463492,3.847058823529412
"Sun, 05 Jan 2025 06:38:55",58.82352941176471,6162.35599298085,8.0,466.76400105738645,GPS,-1.2794689860379975,3.847058823529412
"Sun, 05 Jan 2025 06:44:01",63.529411764705884,6191.348134584573,6.0,464.26060582760607,GPS,-1.2391851682307191,3.847058823529412
"Sun, 05 Jan 2025 06:49:07",61.1764705882353,6218.051422903792,8.0,463.18772215770014,GPS,-3.6195925841153525,3.8627450980392157
"Sun, 05 Jan 2025 06:54:13",63.529411764705884,6209.658960860608,9.0,463.41421982134693,GPS,-0.6605630579079929,3.847058823529412
"Sun, 05 Jan 2025 06:59:19",61.1764705882353,6237.888151369497,8.0,461.2326896925383,GPS,0.19089036392767866,3.854901960784314
"Sun, 05 Jan 2025 07:04:23",50.58823529411765,6240.939955748836,6.0,462.8300942677315,GPS,-2.8798352025635126,3.8627450980392157
"Sun, 05 Jan 2025 07:09:29",62.35294117647059,6228.732738231479,7.0,462.17444313612236,GPS,0.500343327992681,3.847058823529412
"Sun, 05 Jan 2025 07:14:36",61.1764705882353,6247.8065156023495,8.0,461.25653155186956,GPS,3.1499198901350383,3.831372549019608
"Sun, 05 Jan 2025 07:19:42",61.1764705882353,6199.740596627756,9.0,465.78648482480554,GPS,4.860151064316781,3.83921568627451
"Sun, 05 Jan 2025 07:24:48",75.29411764705883,6217.288471808956,8.0,459.7425734843357,GPS,-1.3600366216525543,3.854901960784314
"Sun, 05 Jan 2025 07:29:53",49.411764705882355,6269.169146257725,9.0,464.64207557690594,GPS,-0.7905699244678459,3.83921568627451
"Sun, 05 Jan 2025 07:35:00",60.0,6250.095368886854,10.0,462.28173150311295,GPS,-2.4092469672693966,3.854901960784314
"Sun, 05 Jan 2025 07:40:05",57.64705882352941,6250.8583199816885,10.0,462.7585686897378,GPS,1.5092698558022448,3.854901960784314
"Sun, 05 Jan 2025 07:45:11",43.529411764705884,6225.68093385214,9.0,463.14003843903765,GPS,5.6200503547722604,3.847058823529412
"Sun, 05 Jan 2025 07:50:17",20.0,6221.103227283131,6.0,464.4990244209185,GPS,5.6493476768139175,3.854901960784314
"Sun, 05 Jan 2025 07:55:23",55.294117647058826,6270.695048447395,8.0,461.53071293417884,GPS,5.039597161821931,3.831372549019608
"Sun, 05 Jan 2025 08:00:39",56.470588235294116,6256.9619287403675,7.0,462.74664776007216,GPS,3.6205081254291542,3.847058823529412
"Sun, 05 Jan 2025 08:05:45",56.470588235294116,6279.087510490577,6.0,458.8127409704173,GPS,2.9594872968642676,3.83921568627451
"Sun, 05 Jan 2025 08:05:50",56.470588235294116,6279.087510490577,6.0,458.8127409704173,GPS,2.9594872968642676,3.83921568627451
"Sun, 05 Jan 2025 08:10:50",27.058823529411764,6279.087510490577,7.0,460.10020137430433,GPS,3.0601968413824636,3.847058823529412
"Sun, 05 Jan 2025 08:16:02",60.0,6327.916380560006,5.0,456.28550388130566,GPS,0.9507896543831578,3.83921568627451
"Sun, 05 Jan 2025 08:21:11",58.82352941176471,6298.924238956282,6.0,459.93330835898564,GPS,-4.709086747539487,3.847058823529412
"Sun, 05 Jan 2025 08:26:18",56.470588235294116,6359.960326543068,8.0,457.7875410191739,GPS,2.139162279697871,3.83921568627451
"Sun, 05 Jan 2025 08:31:26",56.470588235294116,6373.693446250095,5.0,455.5583271717028,GPS,2.0494392309452962,3.83921568627451
"Sun, 05 Jan 2025 08:36:42",58.82352941176471,6346.990157930876,8.0,460.6008804202604,GPS,1.0203707942320932,3.8627450980392157
"Sun, 05 Jan 2025 08:41:53",58.82352941176471,6388.952468146791,9.0,458.5981642364361,GPS,7.480430304417482,3.83921568627451
"Sun, 05 Jan 2025 08:47:09",56.470588235294116,6250.095368886854,9.0,463.14003843903765,GPS,2.73975738155184,3.83921568627451
"Sun, 05 Jan 2025 08:52:27",58.82352941176471,6204.318303196765,9.0,466.01298248845234,GPS,5.239185168230719,3.83921568627451
"Sun, 05 Jan 2025 08:57:39",60.0,6324.101625085832,9.0,458.5862433067705,GPS,2.6500343327992653,3.847058823529412
"Sun, 05 Jan 2025 09:02:57",57.64705882352941,6244.75471122301,9.0,463.6764802739906,GPS,0.09933623254750046,3.831372549019608
"Sun, 05 Jan 2025 09:08:18",57.64705882352941,6231.784542610818,8.0,464.58247092857783,GPS,5.3801785305561936,3.83921568627451
"Sun, 05 Jan 2025 09:13:36",58.82352941176471,6254.673075455863,8.0,459.325340946039,GPS,3.0894941634241206,3.83921568627451
"Sun, 05 Jan 2025 09:18:51",61.1764705882353,6221.866178377965,8.0,461.9598664021412,GPS,1.769283588921951,3.847058823529412
"Sun, 05 Jan 2025 09:24:03",61.1764705882353,6267.643244068055,9.0,460.0286757963106,GPS,3.4392309452964014,3.854901960784314
"Sun, 05 Jan 2025 09:29:25",60.0,6246.2806134126795,4.0,463.35461517301883,GPS,5.369192034790572,3.847058823529412
"Sun, 05 Jan 2025 09:34:46",32.94117647058824,6298.161287861448,4.0,459.5041548910233,GPS,2.8093385214007753,3.831372549019608
"Sun, 05 Jan 2025 09:40:05",62.35294117647059,6211.184863050278,9.0,462.5439919557566,GPS,2.5603112840466906,3.847058823529412
"Sun, 05 Jan 2025 09:45:32",62.35294117647059,6307.316700999466,9.0,460.5412757719323,GPS,4.2504005493247945,3.847058823529412
"Sun, 05 Jan 2025 09:50:37",58.82352941176471,6311.131456473639,6.0,466.4540568860803,GPS,7.240558480201415,3.847058823529412
"Sun, 05 Jan 2025 09:55:43",52.94117647058824,6310.368505378805,8.0,460.2432525302918,GPS,8.220187685969336,3.83921568627451
"Sun, 05 Jan 2025 10:00:48",68.23529411764706,6204.318303196765,9.0,465.58382902049,GPS,2.6793316548409223,3.83921568627451
"Sun, 05 Jan 2025 10:05:54",62.35294117647059,6247.8065156023495,9.0,463.97450351563117,GPS,1.659418631265737,3.854901960784314
"Sun, 05 Jan 2025 10:11:00",60.0,6298.924238956282,9.0,459.92138742932,GPS,3.600366216525515,3.854901960784314
"Sun, 05 Jan 2025 10:16:05",67.05882352941177,6270.695048447395,9.0,461.69760594949753,GPS,1.9597161821927216,3.8784313725490196
"Sun, 05 Jan 2025 10:21:10",31.764705882352942,6263.828488593881,7.0,462.16252220645674,GPS,5.920347905699245,3.8627450980392157
"Sun, 05 Jan 2025 10:26:16",70.58823529411765,6305.790798809796,9.0,461.1611641145446,GPS,3.1206225680933812,3.847058823529412
"Sun, 05 Jan 2025 10:31:21",57.64705882352941,6281.376363775082,9.0,461.47110828585073,GPS,4.669718471046011,3.83921568627451
"Sun, 05 Jan 2025 10:36:27",63.529411764705884,6279.087510490577,8.0,460.362461826948,GPS,2.6207370107576082,3.83921568627451
"Sun, 05 Jan 2025 10:41:36",56.470588235294116,6317.235065232318,5.0,458.2643782057987,GPS,1.0093842984664718,3.847058823529412
"Sun, 05 Jan 2025 10:46:40",17.647058823529413,6317.998016327153,5.0,460.4220664752761,GPS,4.8802929732204205,3.83921568627451
"Sun, 05 Jan 2025 10:51:47",60.0,6279.850461585412,9.0,460.5531967015979,GPS,3.1499198901350383,3.847058823529412
"Sun, 05 Jan 2025 10:56:53",60.0,6341.649500267033,9.0,458.5862433067705,GPS,6.579537651636528,3.847058823529412
"Sun, 05 Jan 2025 11:02:00",62.35294117647059,6299.687190051118,9.0,459.71873162500447,GPS,8.200045777065696,3.854901960784314
"Sun, 05 Jan 2025 11:07:06",57.64705882352941,6282.902265964752,10.0,460.4220664752761,GPS,3.10963607232776,3.847058823529412
"Sun, 05 Jan 2025 11:12:13",57.64705882352941,6275.272755016403,10.0,461.88834082414746,GPS,2.9594872968642676,3.854901960784314
"Sun, 05 Jan 2025 11:17:18",57.64705882352941,6324.8645761806665,8.0,455.9159550616714,GPS,4.100251773861302,3.83921568627451
"Sun, 05 Jan 2025 11:22:24",58.82352941176471,6231.784542610818,5.0,464.3202104759342,GPS,1.3005264362554385,3.854901960784314
"Sun, 05 Jan 2025 11:27:31",56.470588235294116,6285.191119249256,8.0,460.67240599825413,GPS,3.710231174181729,3.847058823529412
"Sun, 05 Jan 2025 11:32:38",56.470588235294116,6269.169146257725,8.0,460.62472227959165,GPS,4.259555962462812,3.8235294117647056
"Sun, 05 Jan 2025 11:37:45",56.470588235294116,6289.00587472343,9.0,464.3202104759342,GPS,7.359578850995646,3.847058823529412
"Sun, 05 Jan 2025 11:42:57",62.35294117647059,6251.621271076524,8.0,464.2725267572717,GPS,6.229800869764247,3.83921568627451
"Sun, 05 Jan 2025 11:48:10",61.1764705882353,6188.296330205233,7.0,467.22891731434567,GPS,6.259098191805904,3.847058823529412
"Sun, 05 Jan 2025 11:53:27",63.529411764705884,6291.294728007934,9.0,458.8723456187454,GPS,2.6903181506065437,3.831372549019608
"Sun, 05 Jan 2025 11:58:34",63.529411764705884,6234.073395895322,7.0,462.6393593930816,GPS,2.3295948729686415,3.831372549019608
"Sun, 05 Jan 2025 12:03:41",62.35294117647059,6247.043564507515,7.0,461.3876617781914,GPS,2.860608834973675,3.847058823529412
"Sun, 05 Jan 2025 12:08:47",63.529411764705884,6222.629129472801,8.0,462.4843873074285,GPS,2.1794460975051493,3.83921568627451
"Sun, 05 Jan 2025 12:13:55",63.529411764705884,6238.651102464331,9.0,463.25924773569386,GPS,3.759670405127025,3.831372549019608
"Sun, 05 Jan 2025 12:19:02",63.529411764705884,6253.9101243610285,9.0,461.08963853655086,GPS,0.9105058365758794,3.847058823529412
"Sun, 05 Jan 2025 12:24:08",62.35294117647059,6246.2806134126795,7.0,462.3174942921098,GPS,1.1906614785992247,3.847058823529412
"Sun, 05 Jan 2025 12:29:14",62.35294117647059,6221.103227283131,6.0,463.1758012280345,GPS,3.10963607232776,3.83921568627451
"Sun, 05 Jan 2025 12:34:27",65.88235294117648,6224.15503166247,8.0,460.67240599825413,GPS,1.1906614785992247,3.83921568627451
"Sun, 05 Jan 2025 12:39:40",69.41176470588236,6218.814373998626,8.0,462.3532570811067,GPS,3.7706569008926465,3.83921568627451
"Sun, 05 Jan 2025 12:45:13",,,,463.7241639926531,No GPS,9.65026321812772,3.83921568627451
"Sun, 05 Jan 2025 12:50:28",70.58823529411765,6144.045166704814,8.0,466.37061037842096,GPS,2.360723277637902,3.83921568627451
"Sun, 05 Jan 2025 12:55:45",69.41176470588236,6244.75471122301,7.0,460.73201064658224,GPS,6.059510185397116,3.8235294117647056
"Sun, 05 Jan 2025 13:00:57",69.41176470588236,6228.732738231479,8.0,462.4247826591004,GPS,3.9391165026321744,3.83921568627451
"Sun, 05 Jan 2025 13:06:06",64.70588235294117,6202.792401007095,7.0,463.0565919313783,GPS,4.16067750057222,3.83921568627451
"Sun, 05 Jan 2025 13:11:21",65.88235294117648,6207.370107576104,7.0,461.18500597387583,GPS,1.869993133440147,3.83921568627451
"Sun, 05 Jan 2025 13:16:34",64.70588235294117,6237.125200274662,8.0,462.6035966040847,GPS,5.570611123826964,3.847058823529412
"Sun, 05 Jan 2025 13:21:52",67.05882352941177,6192.874036774242,8.0,462.28173150311295,GPS,-0.05996795605402383,3.83921568627451
"Sun, 05 Jan 2025 13:27:25",,,,463.2830895950251,No GPS,1.6795605401693763,3.831372549019608
"Sun, 05 Jan 2025 13:32:46",64.70588235294117,6221.103227283131,7.0,463.1161965797064,GPS,0.8390936140993404,3.83921568627451
"Sun, 05 Jan 2025 13:38:05",64.70588235294117,6240.939955748836,8.0,462.96122449405334,GPS,4.940718699931338,3.83921568627451
"Sun, 05 Jan 2025 13:43:26",65.88235294117648,6207.370107576104,7.0,464.6897592955684,GPS,2.3497367818722807,3.8235294117647056
"Sun, 05 Jan 2025 13:48:47",65.88235294117648,6233.310444800488,7.0,463.64071748499373,GPS,5.010299839780274,3.83921568627451
"Sun, 05 Jan 2025 13:54:17",67.05882352941177,6193.6369878690775,7.0,465.4288569348369,GPS,1.8205539024948507,3.831372549019608
"Sun, 05 Jan 2025 13:59:50",,,,465.7030383171462,No GPS,1.5806820782787838,3.831372549019608
"Sun, 05 Jan 2025 14:05:04",68.23529411764706,6240.177004654001,8.0,463.8910570079718,GPS,2.710460059510183,3.83921568627451
"Sun, 05 Jan 2025 14:10:24",68.23529411764706,6224.15503166247,8.0,464.18908024961235,GPS,1.6099794003204408,3.831372549019608
"Sun, 05 Jan 2025 14:31:52",70.58823529411765,6173.037308308537,8.0,463.9387407266343,GPS,0.33920805676356736,3.831372549019608
"Sun, 05 Jan 2025 14:37:10",70.58823529411765,6189.0592813000685,7.0,466.52558246407403,GPS,-1.5193408102540644,3.83921568627451
"Sun, 05 Jan 2025 14:42:43",,,,465.51230344249626,No GPS,-0.5708400091554182,3.8235294117647056
"Sun, 05 Jan 2025 14:48:17",,,,468.99321490485755,No GPS,-1.1403067063401267,3.8235294117647056
"Sun, 05 Jan 2025 14:58:51",69.41176470588236,6202.02944991226,10.0,466.7759219870521,GPS,-0.14053559166858065,3.8235294117647056
"Sun, 05 Jan 2025 15:04:03",69.41176470588236,6150.911726558327,11.0,470.7932752843663,GPS,-6.589608606088348,3.831372549019608
"Sun, 05 Jan 2025 15:14:27",68.23529411764706,6109.712367437247,12.0,474.47684255104315,GPS,-9.010299839780274,3.8235294117647056
"Sun, 05 Jan 2025 15:19:33",65.88235294117648,6115.815976195925,11.0,474.8940750893399,GPS,-10.050354772259098,3.831372549019608
"Sun, 05 Jan 2025 15:29:46",67.05882352941177,6016.632333867398,10.0,478.88758652732287,GPS,-14.02014190890364,3.8235294117647056
"Sun, 05 Jan 2025 15:40:54",,,,486.2904838496735,No GPS,-18.649118791485463,3.784313725490196
"Sun, 05 Jan 2025 15:46:28",,,,489.1753488287537,No GPS,-20.090180819409476,3.7529411764705882
"Sun, 05 Jan 2025 15:53:36",,,,493.443041649046,No GPS,-19.590295262073703,3.7450980392156863
